Bane;Fylke;Hull;Importert;URL
Arendal & Omegn GK;Agder;18+9;JA;
Bjaavann GK;Agder;18;JA;
Grimstad GK;Agder;9;JA;
Hovden GK;Agder;9;JA;
Kristiansand GK;Agder;9+6;JA;
Lindesnes GK;Agder;9;JA;
Mandal GK;Agder;9;JA;
Sirdal Fjellgolfklubb;Agder;9;JA;
Utsikten GK;Agder;18+9;JA;
Dalane GK;Rogaland;6;JA;
Egersund GK;Rogaland;9;JA;
Haugesund GK;Rogaland;9+6;JA;
Jæren GK;Rogaland;9;JA;
Karmøy GK;Rogaland;9;JA;
Nordvegen GK;Rogaland;18;JA;
Ogna GK;Rogaland;9;JA;
Preikestolen GK;Rogaland;9;JA;
Randaberg GK;Rogaland;9;JA;
Sandnes GK;Rogaland;18;JA;
Sauda GK;Rogaland;9;JA;
Sola GK (Forus);Rogaland;18+6;JA;
Sola GK (Solastranden);Rogaland;18;JA;
Stavanger GK;Rogaland;18;JA;
Bergen GK;Vestland;9+9;JA;https://www.bgk.no/
Bjørnefjorden GK;Vestland;9;JA;https://www.bjgk.no/
Fana GK;Vestland;18;JA;https://fanagolf.no/
Florø GK;Vestland;6;JA;https://www.florogolf.no/
Hardanger GK;Vestland;6;JA;https://hardangergolfklubb.no/
Herdla GK;Vestland;9;JA;https://herdlagolfklubb.no/
Haugaland GK;Vestland;18;JA;https://haugalandgolf.no/
Kvinnherad GK;Vestland;9;JA;https://golfen.no/
Meland GK;Vestland;18;JA;https://melandgolf.no/
Nordfjord GK;Vestland;9;JA;https://www.norgolf.com/
Selje GK;Vestland;9;JA;https://www.seljegolfklubb.no/
Sotra GK;Vestland;9;JA;https://sotragk.no/
Stord GK;Vestland;9;JA;https://www.stordgolf.com/
Sandane GK;Vestland;9;JA;https://www.sandanegolf.no/
Sunnfjord GK;Vestland;9;JA;https://sunnfjordgk.no/
Tysnes GK;Vestland;6;JA;https://www.tysnesgolf.no/
Voss GK;Vestland;9;JA;https://www.vossgolf.no/
Bamble GK;Telemark;9;JA;
Grenland & Omegn;Telemark;18;JA;
Gumøy GK;Telemark;9;JA;
Norsjø GK;Telemark;18+6;JA;
Kragerø GK;Telemark;18;JA;
Rjukan GK;Telemark;6;JA;
Vrådal GK;Telemark;9;JA;
Borre GK;Vestfold;18;JA;
Larvik GK;Vestfold;18+9;JA;
Hof GK;Vestfold;9;JA;
Husøy GK;Vestfold;9;JA;
Nøtterøy GK;Vestfold;18;JA;
Sande GK;Vestfold;9;JA;
Sandefjord GK;Vestfold;18;JA;
Solum GK;Vestfold;18;JA;
Tjøme GK;Vestfold;9+9;JA;
Tønsberg GK (Re);Vestfold;9;JA;
Veierland GK;Vestfold;6;JA;
Vestfold GK;Vestfold;18+9;JA;
Askim Golfpark;Østfold;9;JA;
Borregaard GK;Østfold;9;JA;
Ekholtbruket GK;Østfold;9;JA;
Gamle Fredrikstad GK;Østfold;18+9;JA;
Halden GK;Østfold;9;JA;
Huseby & Hankø GK;Østfold;9;JA;
Hvaler GK;Østfold;9;JA;
Moss & Rygge GK;Østfold;18;JA;
Mørk GK;Østfold;18+9;JA;
Rygge Flystasjon GK;Østfold;9;JA;
Skjeberg GK;Østfold;18;JA;
Onsøy GK;Østfold;18;JA;
Asker GK;Oslo og Akershus;18;JA;
Ballerud GK;Oslo og Akershus;9;JA;
Bærum GK;Oslo og Akershus;18;JA;
Drøbak GK;Oslo og Akershus;18;JA;
Fet GK (Leikvin);Oslo og Akershus;9;JA;
Gjerdrum GK;Oslo og Akershus;9;JA;
Gjersjøen GK;Oslo og Akershus;9;JA;
Grini GK;Oslo og Akershus;9;JA;
Hakadal GK;Oslo og Akershus;18;JA;
Haga GK;Oslo og Akershus;27;JA;
Hauger GK;Oslo og Akershus;18;JA;
Hvam GK;Oslo og Akershus;9;JA;
Kjekstad GK;Oslo og Akershus;18+9;JA;
Krokhol GK;Oslo og Akershus;9;JA;
Lillestrøm GK;Oslo og Akershus;9;JA;
Lommedalen GK;Oslo og Akershus;9;JA;
Losby GK;Oslo og Akershus;27;JA;
Miklagard GK;Oslo og Akershus;18;JA;
Nes GK;Oslo og Akershus;18;JA;
Nordhaug GK;Oslo og Akershus;9;JA;
Oppegård GK;Oslo og Akershus;18;JA;
Oustøen CC;Oslo og Akershus;18;JA;
Romerike GK;Oslo og Akershus;18;JA;
Ski GK;Oslo og Akershus;9;JA;
Soon GK;Oslo og Akershus;9;JA;
Ullensaker GK;Oslo og Akershus;9;JA;
Østmarka GK;Oslo og Akershus;18;JA;
Oslo GK;Oslo og Akershus;18;JA;
Groruddalen GK;Oslo og Akershus;9;JA;
Grønmo GK;Oslo og Akershus;9;JA;
Drammen GK;Buskerud;18;JA;
Eiker GK;Buskerud;9;JA;
Hallingdal GK/Hemsedal Alpin;Buskerud;18;JA;
Hemsedal GK;Buskerud;9;JA;
Holtsmark GK;Buskerud;18+9;JA;
Kongsberg GK;Buskerud;18;JA;
Nesbyen GK;Buskerud;9;JA;
Norefjell GK;Buskerud;18;JA;
Ringerike GK;Buskerud;9;JA;
Tyrifjord GK;Buskerud;18;JA;
Atlungstad GK;Innlandet;18;JA;
Elverum GK;Innlandet;18;JA;
Gjøvik og Toten GK;Innlandet;9;JA;
Hafjell GK;Innlandet;9;JA;
Kongsvingers GK;Innlandet;18;JA;
Mjøsen GK;Innlandet;18;JA;
Randsfjorden GK;Innlandet;18;JA;
Skei GK;Innlandet;18;JA;
Sorknes GK;Innlandet;18;JA;
Trysil Golf;Innlandet;18;JA;
Valdres GK;Innlandet;9;JA;
Giske GK;Møre og Romsdal;9;JA;
Kristiansund & Omegn GK;Møre og Romsdal;9;JA;
Molde GK;Møre og Romsdal;9;JA;
Rauma GK;Møre og Romsdal;9;JA;
Smøla GK;Møre og Romsdal;9;JA;
Stranda GK;Møre og Romsdal;9;JA;
Sunndal GK;Møre og Romsdal;6;JA;
Sunnmøre GK;Møre og Romsdal;9;JA;
Surnadal GK;Møre og Romsdal;9;JA;
Tingvoll GK;Møre og Romsdal;9;JA;
Trollstigen og Geirangerfjorden GK;Møre og Romsdal;9;JA;
Vanylven GK;Møre og Romsdal;9;JA;
Volda GK;Møre og Romsdal;9;JA;
Ålesund GK;Møre og Romsdal;18;JA;
Austrått GK;Trøndelag;9;JA;
Byneset GK;Trøndelag;18+9;JA;
Frosta GK;Trøndelag;6;JA;
Hitra Frøya GK;Trøndelag;9;JA;
Klæbu GK;Trøndelag;9;JA;
Namdal GK;Trøndelag;9;JA;
Namsos GK;Trøndelag;9;JA;
Nærøysund GK;Trøndelag;9;JA;
Oppdal GK;Trøndelag;9;JA;
Røros GK;Trøndelag;9;JA;
Steinkjer GK;Trøndelag;9;JA;
Stiklestad GK;Trøndelag;18;JA;
Stjørdal GK;Trøndelag;18;JA;
Trondheim GK;Trøndelag;9;JA;
Trondheim par3golf;Trøndelag;9;JA;
Alsten GK;Nordland;6;JA;
Bleik Golfstrømbane;Nordland;9;JA;
Bodø GK;Nordland;9;JA;
Helgeland GK;Nordland;9;JA;
Lofoten Links;Nordland;18;JA;
Narvik GK;Nordland;18;JA;
Polarsirkelen GK;Nordland;9;JA;
Salten GK;Nordland;18;JA;
Sleneset GK;Nordland;4;JA;
Vesterålen GK;Nordland;6;JA;
Harstad GK;Troms;9;JA;
Midt-Troms GK;Troms;9;JA;
Tromsø GK;Troms;18;JA;
Alta GK;Finnmark;9;JA;
Hammerfest & Kvalsund GK;Finnmark;6;JA;
Hasvik GK;Finnmark;6;JA;
Karasjok GK;Finnmark;9;JA;
North Cape GC;Finnmark;9;JA;
Varanger GK;Finnmark;9;JA;
